INSERT INTO `user` (`username`, `password`, `type`, `t_score`, `m_score`, `t_tokens`, `m_tokens`,`signup_date`) VALUES
('MrAdmin', '$$Adm1n$$', 'admin', 400,32,600,103,'2021-11-30'),
('MrsUser', '##Us3r##', 'user', 200,5,100,25,'2022-02-02'),
('Random1', '$$Asm1n$$', 'user', 300,6,200,10,'2021-11-30'),
('Νίκος Δημητρίου', '$$Adn1n$$', 'user', 350,5,230,3,'2022-12-17'),
('Βασιλική Λαζαρίδη', '$$Arm1n$$', 'admin', 200,7,100,90,'2022-12-28'),
('Γιώργος Δημόπουλος', '$$Odm1n$$', 'user', 100,8,400,34,'2022-09-12'),
('Γιάννης Παπακώστας', '$$Bdm1n$$', 'user', 150,54,302,103,'2023-08-21'),
('Χριστίνα Πέτρου', '$$Adm4n$$', 'user', 40,16,40,10,'2023-03-17'),
('Μαρία Γιαννοπούλου', '$$Adm1n#$', 'user', 320,2,450,35,'2023-04-25'),
('Μάρκος Γεωργίου', '$$Ad2an$$', 'user', 130,3,32,23,'2023-06-28'),
('Ελένη Αναγνωστάκη', '$$Adm1n2$', 'user', 100,1,45,16,'2023-07-05'),
('Κώστας Χρήστου', '$$A3m1n$$', 'user', 0,0,0,0,'2023-03-30');


INSERT INTO `offers` (`id`, `username`, `p_id`,`lcount`,`dcount`,`price`,`ful_criteria`,`sub_date`,`poi_id`,`stock`,`exp_date`) VALUES
(1, 'MrsUser',7,2,0,0.76,'yes','2022-11-08','980515550','ναι','2022-11-15'),
(2, 'MrsUser',8,3,0,4.58,'no','2022-09-15','364463568','ναι','2022-09-22'),
(3, 'MrsUser',52,4,1,3.15,'no','2022-10-01','354449389','όχι','2022-10-08'),
(4, 'MrsUser',189,5,0,1.42,'yes','2023-08-10','364381224','ναι','2023-08-17'),
(5, 'MrsUser',50,6,2,3.20,'yes','2023-07-22','354449389','ναι','2023-07-29'),
(6, 'MrsUser',52,3,0,0.8,'yes','2023-08-23','364381224','ναι','2023-08-30'),
(7, 'Μάρκος Γεωργίου',8,6,3,0.9,'no','2023-06-29','980515550','όχι','2023-08-04'),
(8, 'Νίκος Δημητρίου',633,3,0,2.40,'yes','2023-03-10','364381224','ναι','2023-03-17'),
(9, 'Χριστίνα Πέτρου',835,1,0,3.82,'no','2023-09-12','364463568','ναι','2023-09-19'),
(10, 'Μαρία Γιαννοπούλου',751,2,0,0.38,'yes','2023-09-10','364381224','ναι','2023-09-17'),
(11, 'Νίκος Δημητρίου',177,4,1,2.12,'yes','2023-09-14','980515550','ναι','2023-09-21'),
(12, 'Μαρία Γιαννοπούλου',170,5,1,1.55,'yes','2023-09-16','364463568','ναι','2023-09-23');


INSERT INTO images (id, url, p_id) VALUES
(1,'Mπιρα_Fix_Hellas_330ML_Κουτι.jpg',7),
(2,'Μπύρα_Fix_Hellas_Κουτί-6πλο_330ml.jpg',8),
(3,'Proderm_Ενυδατική_Κρέμα_150ml.jpg',52),
(4,'Johnson_Βρέφικη_Πουδρα_Σωματος_200γρ.jpg',189),
(5,'ΛΟΣΙΟΝ_JOHNSON_BEDTIME_BABY_300ML.jpg',197),
(6,'ΛΑΔΙ_JOHNSON_ΒΑΒΥ_300ML.jpg',199),
(7,'ΩΤΟΚΑΘΑΡΙΣΤΗΡΕΣ_JOHNSON_ΒΑΖO_100ΤΕΜ.jpg',1026),
(8,'Neslac_Επιδόρπιο_Μπισκότο_4χ100γρ.jpg',50),
(9,'Nan_Optipro_Γάλα_3ης_Βρεφ_Ηλικίας_800γρ.jpg',119),
(10,'ΓΑΛΑ_ΣΕ_ΣΚΟΝΗ_ΑΠΟΒΝΟ_REGILAIT_250Γ.jpg',174),
(11,'Neslac_Επιδόρπιο_Γάλακτος_Βανίλια_4χ100γρ.jpg',210),
(12,'Γιώτης_Sanilac_Γάλα_Σκόνη_1ης_Βρ_Ηλ_400gr.jpg',307),
(13,'Μπύρα_Amstel_Κουτί_1.jpg',568),
(14,'Μπύρα_Heineken_Κουτί_4πλη.jpg',571),
(15,'Μπιρα_Αλφα_500ML_Γυαλ_Μπουκαλι.jpg',574),
(16,'Χυμος_Λακωνια_Νεκταρ_ΠορΜηλΒερ250.jpg',751),
(17,'Χυμοσ_ΣυμπCool_Hellas_Πορτοκαλ1LT.jpg',782),
(18,'Χυμός_Όλυμπος_Πορτοκάλι_Φυσικός_1,5lit.jpg',822),
(19,'Χυμός_Όλυμπος_Μηλ_Πορτ_Kaρότο_Φυς_1l.jpg',829),
(20,'ΧΥΜΟΣ_ΡΟΔΙΜΗΛΚΑΡ_ΧΡΙΣΤΟΔΟΥΛΟΥ_1L.jpg',910),
(21,'Purina_One_ΓατΦη_Sterlic_ΞΤ_800ΓΡ.jpg',0),
(22,'Αμμοσ_Υγιεινησ_Friskies_5KG.jpg',92),
(23,'Friskies_Τρ_Γάτας_Βοδ_Συκ_&_Κοτ_400γρ.jpg',169),
(24,'ΓατΦη_ΚοτΛαχ_Πατε_Friskies_400ΓΡ.jpg',170),
(25,'ΓατΦη_Ψαρι_Ωκ_Μους_Gold_Gourmet85γ.jpg',1048),
(26,'ΣκυλΦη_Συκωτ-Μοσχ_Cesar_150Γ.jpg',55),
(27,'ΣκυλΦη_Μοσχαρι_Pal_400Γ.jpg',57),
(28,'Pedigree_Σκύλος_Πατέ_Κοτ_Μοσχ_300γρ.jpg',177),
(29,'Μπισκοτα_Σκυλου_Schmakos_43ΓΡ.jpg',243),
(30,'Pedigree_Denta_Stix_Small_Dogs_110Γ.jpg',244),
(31,'Fouantre_Γαλοπούλα_Σε_Φέτες_120γρ.jpg',628),
(32,'Υφαντής_Γαλοπούλα_Καπνιστή_160γρ.jpg',633),
(33,'Υφαντής_Ζαμπόν_Βραστό_Σε_Φέτες_160γρ.jpg',635),
(34,'Νίκας_Σαλαμι_Αέρος_Συκευασμενο_100γρ.jpg',702),
(35,'Νίκας_Μπέικον_Καπνιστό_Συσκευασμένο_100γρ.jpg',703),
(36,'Χρυσά Αυγά Φρ Αχυρώνα Medium 53-63γρ 6τεμ.jpg',108),
(37,'Αυγά_Ω3_Αμερικ_Γεωργ_Σχολής_6τ_L_63_73γρ.jpg',835),
(38,'Αυγά_Χρυσά_Εξαίρετα_Φρ_Large_6τ_Χ_63γρ.jpg',869),
(39,'ΑΥΓΑ_ΕΞΑΙΡΕΤΙΚΑ_ΦΡ_MEDIUM_6_ΤΕΜ_ΧΡΥΣΑ.jpg',870),
(40,'Αυγά_Χρυσα_Ελληνικά_Βιολ_6t_Medium_348γρ.jpg',871);

INSERT INTO `tokens` (`id`, `tokens`) VALUES
(1,default);

INSERT INTO `lows` (`p_id`, `yesterday_low`,`last_week_low`, `temp_last_week_low`) VALUES
(52,1.3,1.2, 1.23),
(189,2.04,1.95, 2.0),
(197, 1.7, 1.7,1.65),
(199, 1.5, 1.4, 1.3),
(1026, 1.1, 0.9, 0.85),
(50, 2.16, 2.18, 2.15),
(119, 1.57, 1.45, 1.54),
(174, 1.89, 1.76, 1.77),
(210, 2.16, 2.18, 2.15),
(307, 1.49, 1.45, 1.42),
(7, 0.95, 0.87, 0.95),
(8, 2.34, 2.12, 2.24),
(568, 0.97, 0.93, 0.93),
(571, 3.2, 3.1, 3.15),
(574, 1.02, 1.01, 0.95),
(751, 0.33, 0.35, 0.33),
(782, 0.95, 0.9, 0.92),
(822, 1.35, 1.25, 1.3),
(829, 0.94, 0.9, 0.93),
(910, 1.03, 1.0, 1.02),
(0, 1.50, 1.4, 1.45),
(92, 3.95, 3.9, 3.95),
(169, 1.32, 1.3, 1.28),
(170, 1.52, 1.5, 1.48),
(1048, 0.97, 0.97, 0.97),
(55, 0.88, 0.87, 0.85),
(57, 1.52, 1.5, 1.48),
(177, 1.32, 1.45, 1.3),
(243, 0.75, 0.7, 0.7),
(244, 1.10, 1.15, 1.08),
(628, 2.43, 2.37, 2.36),
(633, 2.55, 2.5, 2.52),
(635, 2.55, 2.5, 2.52),
(702, 2.47, 2.44, 2.46),
(703, 2.47, 2.44, 2.46),
(108, 1.93, 1.95, 1.93),
(835, 1.95, 1.93, 1.9),
(869, 2.02, 2.0, 1.98),
(870, 1.93, 1.95, 1.93),
(871, 2.07, 2.05, 2.05);








