INSERT INTO `user` (`username`, `password`, `type`, `t_score`, `m_score`, `t_tokens`, `m_tokens`,`signup_date`) VALUES
('MrAdmin', '$$Adm1n$$', 'admin', 400,32,600,103,'2021-11-30'),
('MrsUser', '##Us3r##', 'user', 200,5,100,25,'2022-02-02'),
('Random1', '$$Asm1n$$', 'user', 300,6,200,10,'2021-11-30'),
('Random2', '$$Adn1n$$', 'user', 350,5,230,3,'2021-11-30'),
('Random3', '$$Arm1n$$', 'user', 200,7,100,90,'2021-11-30'),
('Random4', '$$Odm1n$$', 'user', 100,8,400,34,'2021-11-30'),
('Random5', '$$Bdm1n$$', 'user', 150,54,302,103,'2021-11-30'),
('Random6', '$$Adm4n$$', 'user', 40,16,40,10,'2021-11-30'),
('Random7', '$$Adm1n#$', 'user', 320,2,450,35,'2021-11-30'),
('Random8', '$$Ad2an$$', 'user', 130,3,32,23,'2021-11-30'),
('Random9', '$$Adm1n2$', 'user', 100,1,45,16,'2021-11-30'),
('Random10', '$$A3m1n$$', 'user', 0,0,0,0,'2021-11-30');



INSERT INTO `offers` (`id`, `username`, `p_id`,`lcount`,`dcount`,`price`,`ful_criteria`,`sub_date`,`poi_id`,`stock`,`exp_date`) VALUES
(1, 'MrsUser',7,2,0,2.12,'yes','2021-11-08','980515550','ναι','2021-11-15'),
(2, 'MrsUser',8,2,0,2.12,'no','2021-09-15','980515550','ναι','2021-09-22'),
(3, 'MrsUser',52,2,0,2.12,'no','2021-10-01','980515550','όχι','2021-10-08'),
(4, 'MrsUser',189,2,0,2.12,'yes','2022-11-10','364381224','ναι','2022-11-17'),
(5, 'MrsUser',52,2,0,2.12,'yes','2022-11-10','364381224','ναι','2023-08-29'),
(6, 'MrsUser',52,2,0,0.8,'yes','2022-11-10','364381224','ναι','2023-08-29');


INSERT INTO images (id, url, p_id) VALUES
(1,'Mπιρα_Fix_Hellas_330ML_Κουτι.jpg',7),
(2,'Μπύρα_Fix_Hellas_Κουτί-6πλο_330ml.jpg',8),
(3,'Proderm_Ενυδατική_Κρέμα_150ml.jpg',52),
(4,'Johnson_Βρέφικη_Πουδρα_Σωματος_200γρ.jpg',189),
(5,'ΛΟΣΙΟΝ_JOHNSON_BEDTIME_BABY_300ML.jpg',197),
(6,'ΛΑΔΙ_JOHNSON_ΒΑΒΥ_300ML.jpg',199),
(7,'ΩΤΟΚΑΘΑΡΙΣΤΗΡΕΣ_JOHNSON_ΒΑΖO_100ΤΕΜ.jpg',1026),
(8,'Neslac_Επιδόρπιο_Γάλακτος_Μπισκότο_4χ100γρ.jpg',50),
(9,'Nan_Optipro_Γάλα_Τρίτης_Βρεφικής_Ηλικίας_800γρ.jpg',119),
(10,'ΓΑΛΑ_ΣΕ_ΣΚΟΝΗ_ΑΠΟΒΝΟ_REGILAIT_250Γ.jpg',174),
(11,'Neslac_Επιδόρπιο_Γάλακτος_Βανίλια_4χ100γρ.jpg',210),
(12,'ιώτης_Sanilac_1_Γάλα_Σε_Σκόνη_Πρώτης_Βρεφικής_Ηλικίας_400gr.jpg',307),
(13,'Μπύρα_Amstel_Κουτί_1.jpg',568),
(14,'Μπύρα_Heineken_Κουτί_4πλη.jpg',571),
(15,'Μπιρα_Αλφα_500ML_Γυαλ_Μπουκαλι.jpg',574),
(16,'Χυμος_Λακωνια_Νεκταρ_ΠορΜηλΒερ250.jpg',751),
(17,'Χυμοσ_ΣυμπCool_Hellas_Πορτοκαλ1LT.jpg',782),
(18,'Χυμός_Όλυμπος_Πορτοκάλι_Φυσικός_1,5lit.jpg',822),
(19,'Χυμός_Όλυμπος_Μηλ_Πορτ_Kaρότο_Φυς_1l.jpg',829),
(20,'ΧΥΜΟΣ_ΡΟΔΙΜΗΛΚΑΡ_ΧΡΙΣΤΟΔΟΥΛΟΥ_1L.jpg',910),
(21,'Purina_One_ΓατΦη_Sterlic_ΞΤ_800ΓΡ.jpg',0),
(22,'Αμμοσ_Υγιεινησ_Friskies_5KG.jpg',92),
(23,'Friskies_Adult_Ξηρά_Τροφή_Γάτας_Βοδινό_Συκώτι_&_Κοτοπουλο_400γρ.jpg',169),
(24,'ΓατΦη_ΚοτΛαχ_Πατε_Friskies_400ΓΡ.jpg',170),
(25,'ΓατΦη_Ψαρι_Ωκ_Μους_Gold_Gourmet85γ.jpg',1048),
(26,'ΣκυλΦη_Συκωτ-Μοσχ_Cesar_150Γ.jpg',55),
(27,'ΣκυλΦη_Μοσχαρι_Pal_400Γ.jpg',57),
(28,'Pediγρee_Τροφή_Για_Σκύλους_Πατέ_Κοτοπουλο_Μοσχάρι_300γρ.jpg',177),
(29,'Μπισκοτα_Σκυλου_Schmakos_43ΓΡ.jpg',243),
(30,'Pedigree_Denta_Stix_Small_Dogs_110Γ.jpg',244),
(31,'Fouantre_Γαλοπούλα_Σε_Φέτες_120γρ.jpg',628),
(32,'Υφαντής_Γαλοπούλα_Καπνιστή_160γρ.jpg',633),
(33,'Υφαντής_Ζαμπόν_Μπούτι_Βραστό_Σε_Φέτες_160γρ.jpg',635),
(34,'Νίκας_Σαλαμι_Αέρος_Συκευασμενο_100γρ.jpg',702),
(35,'Νίκας_Μπέικον_Καπνιστό_Συσκευασμένο_100γρ.jpg',703),
(36,'Χρυσά Αυγά Φρέσκα Αχυρώνα Medium 53-63γρ 6τεμ.jpg',108),
(37,'Αυγά_Ω3_Αμερικ_Γεωργ_Σχολής_6τ_L_63_73γρ.jpg',835),
(38,'Αυγά_Χρυσά_Εξαίρετα_Φρέσκα_Large_6τ_Χ_63γρ_Πλαστ_Θήκη.jpg',869),
(39,'ΑΥΓΑ_ΕΞΑΙΡΕΤΙΚΑ_ΦΡΕΣΚΑ_MEDIUM_5363_GR_6_ΤΕΜ_ΧΡΥΣΑ_ΑΥΓΑ.jpg',870),
(40,'Αυγά_Χρυσα_Ελληνικά_Βιολ_6t_Medium_348γρ.jpg',871);

INSERT INTO `tokens` (`id`, `tokens`) VALUES
(1,default);

INSERT INTO `lows` (`p_id`, `yesterday_low`,`last_week_low`, `temp_last_week_low`) VALUES
(52,1.3,1.2, 1.23),
(189,2.04,1.95, 2.0),
(197, 1.7, 1.7,1.65),
(199, 1.5, 1.4, 1.3),
(1026, 1.1, 0.9, 0.85),
(50, 2.16, 2.18, 2.15),
(119, 1.57, 1.45, 1.54),
(174, 1.89, 1.76, 1.77),
(210, 2.16, 2.18, 2.15),
(307, 1.49, 1.45, 1.42),
(7, 0.95, 0.87, 0.95),
(8, 2.34, 2.12, 2.24),
(568, 0.97, 0.93, 0.93),
(571, 3.2, 3.1, 3.15),
(574, 1.02, 1.01, 0.95),
(751, 0.33, 0.35, 0.33),
(782, 0.95, 0.9, 0.92),
(822, 1.35, 1.25, 1.3),
(829, 0.94, 0.9, 0.93),
(910, 1.03, 1.0, 1.02),
(0, 1.50, 1.4, 1.45),
(92, 3.95, 3.9, 3.95),
(169, 1.32, 1.3, 1.28),
(170, 1.52, 1.5, 1.48),
(1048, 0.97, 0.97, 0.97),
(55, 0.88, 0.87, 0.85),
(57, 1.52, 1.5, 1.48),
(177, 1.32, 1.45, 1.3),
(243, 0.75, 0.7, 0.7),
(244, 1.10, 1.15, 1.08),
(628, 2.43, 2.37, 2.36),
(633, 2.55, 2.5, 2.52),
(635, 2.55, 2.5, 2.52),
(702, 2.47, 2.44, 2.46),
(703, 2.47, 2.44, 2.46),
(108, 1.93, 1.95, 1.93),
(835, 1.95, 1.93, 1.9),
(869, 2.02, 2.0, 1.98),
(870, 1.93, 1.95, 1.93),
(871, 2.07, 2.05, 2.05);








